{"initial_reset_timestamp": 545.177466875, "timestamps": [582.3381445, 584.49954075, 584.566432375, 584.574287166, 584.583608041, 584.592920125, 584.60220575, 584.611490875, 587.276122791, 587.343547166, 587.351896833, 587.36123675, 587.37049325, 587.379782583, 587.389053583, 587.394783833, 587.398981375, 587.408226625, 587.4148055, 587.424031625, 587.433253541, 587.442494416, 587.451374833, 587.46058525, 587.468625166, 587.477886, 587.487159875, 588.778980833, 588.846158708, 588.85568225, 588.864978625, 588.8742275, 588.883503833, 588.891455458, 588.900681125, 588.90802475, 588.91724625, 588.925352125, 588.933645541, 588.941742625, 588.950890375, 588.960173625, 588.969330125, 588.977539916, 588.9867855, 588.996019416, 589.004754666, 589.013978541, 589.023212833, 589.03242175, 589.041597333, 589.050798833, 589.060025458, 589.069216666, 589.078442083, 589.087670833, 589.096856833, 589.106065875, 589.115218291, 589.124421666, 589.134265375, 589.144679625, 589.154059625, 589.163194041, 591.836548125, 591.900952375, 591.910416041, 591.919677125, 591.927380708, 591.936617458, 591.945835166, 591.952832083, 591.959140875, 591.96446325, 591.973651791, 591.982832958, 591.983699291, 591.990190333, 591.999400458, 592.008648833, 592.017856708, 592.027090666, 592.033668583, 592.042598041, 592.05183025, 592.061154375, 592.070414625, 592.079632833, 592.088831916, 592.098069208, 592.107300416, 592.116218041, 592.1254595, 592.134648125, 592.143863416, 592.153084708, 592.162330541, 592.172099041, 592.182265708, 592.191533958], "episode_lengths": [200, 157, 200, 164, 200, 200, 200, 200, 200, 200, 177, 200, 200, 200, 200, 123, 90, 200, 142, 200, 200, 200, 192, 200, 173, 200, 200, 95, 198, 200, 200, 200, 200, 172, 200, 158, 200, 175, 180, 176, 200, 200, 200, 178, 200, 200, 190, 200, 200, 200, 200, 200, 200, 200, 200, 200, 200, 200, 200, 200, 200, 200, 200, 197, 200, 200, 200, 200, 166, 200, 200, 152, 136, 116, 200, 200, 18, 141, 200, 200, 200, 200, 142, 194, 196, 200, 200, 200, 200, 200, 200, 193, 200, 200, 200, 200, 200, 200, 200, 200], "episode_rewards": [200.0, 157.0, 200.0, 164.0, 200.0, 200.0, 200.0, 200.0, 200.0, 200.0, 177.0, 200.0, 200.0, 200.0, 200.0, 123.0, 90.0, 200.0, 142.0, 200.0, 200.0, 200.0, 192.0, 200.0, 173.0, 200.0, 200.0, 95.0, 198.0, 200.0, 200.0, 200.0, 200.0, 172.0, 200.0, 158.0, 200.0, 175.0, 180.0, 176.0, 200.0, 200.0, 200.0, 178.0, 200.0, 200.0, 190.0, 200.0, 200.0, 200.0, 200.0, 200.0, 200.0, 200.0, 200.0, 200.0, 200.0, 200.0, 200.0, 200.0, 200.0, 200.0, 200.0, 197.0, 200.0, 200.0, 200.0, 200.0, 166.0, 200.0, 200.0, 152.0, 136.0, 116.0, 200.0, 200.0, 18.0, 141.0, 200.0, 200.0, 200.0, 200.0, 142.0, 194.0, 196.0, 200.0, 200.0, 200.0, 200.0, 200.0, 200.0, 193.0, 200.0, 200.0, 200.0, 200.0, 200.0, 200.0, 200.0, 200.0], "episode_types": ["t", "t", "t", "t", "t", "t", "t", "t", "t", "t", "t", "t", "t", "t", "t", "t", "t", "t", "t", "t", "t", "t", "t", "t", "t", "t", "t", "t", "t", "t", "t", "t", "t", "t", "t", "t", "t", "t", "t", "t", "t", "t", "t", "t", "t", "t", "t", "t", "t", "t", "t", "t", "t", "t", "t", "t", "t", "t", "t", "t", "t", "t", "t", "t", "t", "t", "t", "t", "t", "t", "t", "t", "t", "t", "t", "t", "t", "t", "t", "t", "t", "t", "t", "t", "t", "t", "t", "t", "t", "t", "t", "t", "t", "t", "t", "t", "t", "t", "t", "t"]}